id,title,content,label
204,Local businesses report a rise in sales following the stock market festival,Local businesses report a rise in sales following the stock market festival.,real
267,Viral video shows that employment schemes can cure all diseases overnight,Viral video shows that employment schemes can cure all diseases overnight.,fake
153,"Miracle ingredient trade agreements found to reverse aging, scientists hide it","Miracle ingredient trade agreements found to reverse aging, scientists hide it.",fake
10,Celebrities endorse sporting events — secret to eternal youth exposed,Celebrities endorse sporting events — secret to eternal youth exposed.,fake
234,SHOCKING: climate change causes instant weight loss! Doctors are stunned,SHOCKING: climate change causes instant weight loss! Doctors are stunned.,fake
227,The minister visited road construction and promised to invest in infrastructure,The minister visited road construction and promised to invest in infrastructure.,real
197,An international summit on agriculture yields concluded with agreements on trade,An international summit on agriculture yields concluded with agreements on trade.,real
110,"Miracle ingredient agriculture yields found to reverse aging, scientists hide it","Miracle ingredient agriculture yields found to reverse aging, scientists hide it.",fake
6,Police arrested suspects in connection with a fraud case involving sporting even,Police arrested suspects in connection with a fraud case involving sporting events.,real
176,This simple trick involving pollution levels will make you rich in 7 days,This simple trick involving pollution levels will make you rich in 7 days.,fake
238,This simple trick involving tech startup growth will make you rich in 7 days,This simple trick involving tech startup growth will make you rich in 7 days.,fake
58,The government announced a new policy today that will affect local elections,The government announced a new policy today that will affect local elections.,real
219,Celebrities endorse local elections — secret to eternal youth exposed,Celebrities endorse local elections — secret to eternal youth exposed.,fake
46,Police arrested suspects in connection with a fraud case involving employment sc,Police arrested suspects in connection with a fraud case involving employment schemes.,real
183,school reopening product banned? Retailers removing it from shelves due to hidde,school reopening product banned? Retailers removing it from shelves due to hidden dangers.,fake
222,Scientists published a study showing that tech startup growth has improved after,Scientists published a study showing that tech startup growth has improved after this year.,real
290,You won't believe what climate change did — numbers prove it's a conspiracy!,You won't believe what climate change did — numbers prove it's a conspiracy!,fake
212,The government announced a new policy today that will affect road construction,The government announced a new policy today that will affect road construction.,real
149,agriculture yields company reported quarterly earnings above expectations,agriculture yields company reported quarterly earnings above expectations.,real
166,Scientists published a study showing that public health has improved after this ,Scientists published a study showing that public health has improved after this year.,real
79,A court ruled that inflation rates must comply with new environmental regulation,A court ruled that inflation rates must comply with new environmental regulations.,real
114,A court ruled that public health must comply with new environmental regulations,A court ruled that public health must comply with new environmental regulations.,real
250,A court ruled that transportation projects must comply with new environmental re,A court ruled that transportation projects must comply with new environmental regulations.,real
251,Police arrested suspects in connection with a fraud case involving food safety,Police arrested suspects in connection with a fraud case involving food safety.,real
105,Researchers confirmed that the vaccine shows efficacy against employment schemes,Researchers confirmed that the vaccine shows efficacy against employment schemes.,real
43,City council approved a plan to renovate the climate change downtown area,City council approved a plan to renovate the climate change downtown area.,real
282,A court ruled that education funding must comply with new environmental regulati,A court ruled that education funding must comply with new environmental regulations.,real
296,This simple trick involving education funding will make you rich in 7 days,This simple trick involving education funding will make you rich in 7 days.,fake
158,Celebrities endorse trade agreements — secret to eternal youth exposed,Celebrities endorse trade agreements — secret to eternal youth exposed.,fake
239,"Miracle ingredient school reopening found to reverse aging, scientists hide it","Miracle ingredient school reopening found to reverse aging, scientists hide it.",fake
18,A court ruled that climate change must comply with new environmental regulations,A court ruled that climate change must comply with new environmental regulations.,real
165,SHOCKING: renewable energy causes instant weight loss! Doctors are stunned,SHOCKING: renewable energy causes instant weight loss! Doctors are stunned.,fake
34,Local businesses report a rise in sales following the transportation projects fe,Local businesses report a rise in sales following the transportation projects festival.,real
25,Local businesses report a rise in sales following the food safety festival,Local businesses report a rise in sales following the food safety festival.,real
216,Viral video shows that vaccination drive can cure all diseases overnight,Viral video shows that vaccination drive can cure all diseases overnight.,fake
120,Scientists published a study showing that agriculture yields has improved after ,Scientists published a study showing that agriculture yields has improved after according to officials.,real
8,Local businesses report a rise in sales following the inflation rates festival,Local businesses report a rise in sales following the inflation rates festival.,real
91,A court ruled that vaccination drive must comply with new environmental regulati,A court ruled that vaccination drive must comply with new environmental regulations.,real
47,Viral video shows that stock market can cure all diseases overnight,Viral video shows that stock market can cure all diseases overnight.,fake
74,An international summit on climate change concluded with agreements on trade,An international summit on climate change concluded with agreements on trade.,real
94,Local businesses report a rise in sales following the sporting events festival,Local businesses report a rise in sales following the sporting events festival.,real
77,Celebrities endorse climate change — secret to eternal youth exposed,Celebrities endorse climate change — secret to eternal youth exposed.,fake
287,Police arrested suspects in connection with a fraud case involving road construc,Police arrested suspects in connection with a fraud case involving road construction.,real
61,A court ruled that transportation projects must comply with new environmental re,A court ruled that transportation projects must comply with new environmental regulations.,real
78,Police arrested suspects in connection with a fraud case involving water conserv,Police arrested suspects in connection with a fraud case involving water conservation.,real
64,An international summit on education funding concluded with agreements on trade,An international summit on education funding concluded with agreements on trade.,real
235,Police arrested suspects in connection with a fraud case involving water conserv,Police arrested suspects in connection with a fraud case involving water conservation.,real
230,Urgent: local elections contamination will make your city uninhabitable tomorrow,Urgent: local elections contamination will make your city uninhabitable tomorrow!,fake
112,"Miracle ingredient trade agreements found to reverse aging, scientists hide it","Miracle ingredient trade agreements found to reverse aging, scientists hide it.",fake
232,City council approved a plan to renovate the transportation projects downtown ar,City council approved a plan to renovate the transportation projects downtown area.,real
181,Urgent: road construction contamination will make your city uninhabitable tomorr,Urgent: road construction contamination will make your city uninhabitable tomorrow!,fake
145,The minister visited sporting events and promised to invest in infrastructure,The minister visited sporting events and promised to invest in infrastructure.,real
240,Urgent: renewable energy contamination will make your city uninhabitable tomorro,Urgent: renewable energy contamination will make your city uninhabitable tomorrow!,fake
76,Police arrested suspects in connection with a fraud case involving food safety,Police arrested suspects in connection with a fraud case involving food safety.,real
298,The government announced a new policy today that will affect pollution levels,The government announced a new policy today that will affect pollution levels.,real
279,Scientists published a study showing that food safety has improved after after r,Scientists published a study showing that food safety has improved after after reforms.,real
98,Researchers confirmed that the vaccine shows efficacy against water conservation,Researchers confirmed that the vaccine shows efficacy against water conservation.,real
93,SHOCKING: education funding causes instant weight loss! Doctors are stunned,SHOCKING: education funding causes instant weight loss! Doctors are stunned.,fake
193,Urgent: school reopening contamination will make your city uninhabitable tomorro,Urgent: school reopening contamination will make your city uninhabitable tomorrow!,fake
26,Police arrested suspects in connection with a fraud case involving employment sc,Police arrested suspects in connection with a fraud case involving employment schemes.,real
233,"Miracle ingredient agriculture yields found to reverse aging, scientists hide it","Miracle ingredient agriculture yields found to reverse aging, scientists hide it.",fake
60,An international summit on transportation projects concluded with agreements on ,An international summit on transportation projects concluded with agreements on trade.,real
7,You won't believe what employment schemes did — numbers prove it's a conspiracy!,You won't believe what employment schemes did — numbers prove it's a conspiracy!,fake
186,Viral video shows that transportation projects can cure all diseases overnight,Viral video shows that transportation projects can cure all diseases overnight.,fake
174,The minister visited climate change and promised to invest in infrastructure,The minister visited climate change and promised to invest in infrastructure.,real
31,An international summit on education funding concluded with agreements on trade,An international summit on education funding concluded with agreements on trade.,real
23,The minister visited water conservation and promised to invest in infrastructure,The minister visited water conservation and promised to invest in infrastructure.,real
257,Viral video shows that transportation projects can cure all diseases overnight,Viral video shows that transportation projects can cure all diseases overnight.,fake
57,renewable energy company reported quarterly earnings above expectations,renewable energy company reported quarterly earnings above expectations.,real
187,"Miracle ingredient agriculture yields found to reverse aging, scientists hide it","Miracle ingredient agriculture yields found to reverse aging, scientists hide it.",fake
109,The minister visited food safety and promised to invest in infrastructure,The minister visited food safety and promised to invest in infrastructure.,real
127,Police arrested suspects in connection with a fraud case involving pollution lev,Police arrested suspects in connection with a fraud case involving pollution levels.,real
231,A court ruled that hospital upgrades must comply with new environmental regulati,A court ruled that hospital upgrades must comply with new environmental regulations.,real
194,The government announced a new policy today that will affect climate change,The government announced a new policy today that will affect climate change.,real
130,Police arrested suspects in connection with a fraud case involving agriculture y,Police arrested suspects in connection with a fraud case involving agriculture yields.,real
283,The government announced a new policy today that will affect stock market,The government announced a new policy today that will affect stock market.,real
83,The minister visited vaccination drive and promised to invest in infrastructure,The minister visited vaccination drive and promised to invest in infrastructure.,real
85,Local businesses report a rise in sales following the transportation projects fe,Local businesses report a rise in sales following the transportation projects festival.,real
67,You won't believe what hospital upgrades did — numbers prove it's a conspiracy!,You won't believe what hospital upgrades did — numbers prove it's a conspiracy!,fake
289,Urgent: stock market contamination will make your city uninhabitable tomorrow!,Urgent: stock market contamination will make your city uninhabitable tomorrow!,fake
164,Scientists published a study showing that school reopening has improved after th,Scientists published a study showing that school reopening has improved after this year.,real
155,Urgent: food safety contamination will make your city uninhabitable tomorrow!,Urgent: food safety contamination will make your city uninhabitable tomorrow!,fake
20,sporting events company reported quarterly earnings above expectations,sporting events company reported quarterly earnings above expectations.,real
125,"Miracle ingredient trade agreements found to reverse aging, scientists hide it","Miracle ingredient trade agreements found to reverse aging, scientists hide it.",fake
80,road construction company reported quarterly earnings above expectations,road construction company reported quarterly earnings above expectations.,real
115,agriculture yields leaks prove that world leaders are hiding the truth,agriculture yields leaks prove that world leaders are hiding the truth.,fake
119,inflation rates product banned? Retailers removing it from shelves due to hidden,inflation rates product banned? Retailers removing it from shelves due to hidden dangers.,fake
73,tech startup growth product banned? Retailers removing it from shelves due to hi,tech startup growth product banned? Retailers removing it from shelves due to hidden dangers.,fake
16,"Miracle ingredient sporting events found to reverse aging, scientists hide it","Miracle ingredient sporting events found to reverse aging, scientists hide it.",fake
11,Urgent: trade agreements contamination will make your city uninhabitable tomorro,Urgent: trade agreements contamination will make your city uninhabitable tomorrow!,fake
195,The minister visited stock market and promised to invest in infrastructure,The minister visited stock market and promised to invest in infrastructure.,real
102,"Miracle ingredient pollution levels found to reverse aging, scientists hide it","Miracle ingredient pollution levels found to reverse aging, scientists hide it.",fake
69,An international summit on school reopening concluded with agreements on trade,An international summit on school reopening concluded with agreements on trade.,real
225,The minister visited sporting events and promised to invest in infrastructure,The minister visited sporting events and promised to invest in infrastructure.,real
38,You won't believe what renewable energy did — numbers prove it's a conspiracy!,You won't believe what renewable energy did — numbers prove it's a conspiracy!,fake
17,Researchers confirmed that the vaccine shows efficacy against tech startup growt,Researchers confirmed that the vaccine shows efficacy against tech startup growth.,real
180,Exclusive: Secret government program reveals employment schemes will be free nex,Exclusive: Secret government program reveals employment schemes will be free next month!,fake
148,road construction company reported quarterly earnings above expectations,road construction company reported quarterly earnings above expectations.,real
275,This simple trick involving agriculture yields will make you rich in 7 days,This simple trick involving agriculture yields will make you rich in 7 days.,fake
68,sporting events company reported quarterly earnings above expectations,sporting events company reported quarterly earnings above expectations.,real
229,A court ruled that pollution levels must comply with new environmental regulatio,A court ruled that pollution levels must comply with new environmental regulations.,real
70,The minister visited public health and promised to invest in infrastructure,The minister visited public health and promised to invest in infrastructure.,real
32,sporting events product banned? Retailers removing it from shelves due to hidden,sporting events product banned? Retailers removing it from shelves due to hidden dangers.,fake
184,Police arrested suspects in connection with a fraud case involving sporting even,Police arrested suspects in connection with a fraud case involving sporting events.,real
266,Researchers confirmed that the vaccine shows efficacy against inflation rates,Researchers confirmed that the vaccine shows efficacy against inflation rates.,real
226,Viral video shows that employment schemes can cure all diseases overnight,Viral video shows that employment schemes can cure all diseases overnight.,fake
141,employment schemes product banned? Retailers removing it from shelves due to hid,employment schemes product banned? Retailers removing it from shelves due to hidden dangers.,fake
19,food safety product banned? Retailers removing it from shelves due to hidden dan,food safety product banned? Retailers removing it from shelves due to hidden dangers.,fake
182,An international summit on sporting events concluded with agreements on trade,An international summit on sporting events concluded with agreements on trade.,real
97,You won't believe what trade agreements did — numbers prove it's a conspiracy!,You won't believe what trade agreements did — numbers prove it's a conspiracy!,fake
133,City council approved a plan to renovate the pollution levels downtown area,City council approved a plan to renovate the pollution levels downtown area.,real
263,Urgent: road construction contamination will make your city uninhabitable tomorr,Urgent: road construction contamination will make your city uninhabitable tomorrow!,fake
87,An international summit on stock market concluded with agreements on trade,An international summit on stock market concluded with agreements on trade.,real
249,Viral video shows that sporting events can cure all diseases overnight,Viral video shows that sporting events can cure all diseases overnight.,fake
246,transportation projects product banned? Retailers removing it from shelves due t,transportation projects product banned? Retailers removing it from shelves due to hidden dangers.,fake
117,Viral video shows that sporting events can cure all diseases overnight,Viral video shows that sporting events can cure all diseases overnight.,fake
147,An international summit on climate change concluded with agreements on trade,An international summit on climate change concluded with agreements on trade.,real
293,A court ruled that inflation rates must comply with new environmental regulation,A court ruled that inflation rates must comply with new environmental regulations.,real
198,This simple trick involving stock market will make you rich in 7 days,This simple trick involving stock market will make you rich in 7 days.,fake
207,You won't believe what school reopening did — numbers prove it's a conspiracy!,You won't believe what school reopening did — numbers prove it's a conspiracy!,fake
56,City council approved a plan to renovate the employment schemes downtown area,City council approved a plan to renovate the employment schemes downtown area.,real
173,A court ruled that water conservation must comply with new environmental regulat,A court ruled that water conservation must comply with new environmental regulations.,real
185,Exclusive: Secret government program reveals sporting events will be free next m,Exclusive: Secret government program reveals sporting events will be free next month!,fake
168,Viral video shows that road construction can cure all diseases overnight,Viral video shows that road construction can cure all diseases overnight.,fake
140,Urgent: pollution levels contamination will make your city uninhabitable tomorro,Urgent: pollution levels contamination will make your city uninhabitable tomorrow!,fake
254,You won't believe what school reopening did — numbers prove it's a conspiracy!,You won't believe what school reopening did — numbers prove it's a conspiracy!,fake
39,vaccination drive product banned? Retailers removing it from shelves due to hidd,vaccination drive product banned? Retailers removing it from shelves due to hidden dangers.,fake
126,This simple trick involving stock market will make you rich in 7 days,This simple trick involving stock market will make you rich in 7 days.,fake
196,An international summit on vaccination drive concluded with agreements on trade,An international summit on vaccination drive concluded with agreements on trade.,real
284,Local businesses report a rise in sales following the food safety festival,Local businesses report a rise in sales following the food safety festival.,real
138,Exclusive: Secret government program reveals transportation projects will be fre,Exclusive: Secret government program reveals transportation projects will be free next month!,fake
113,The government announced a new policy today that will affect local elections,The government announced a new policy today that will affect local elections.,real
169,Scientists published a study showing that water conservation has improved after ,Scientists published a study showing that water conservation has improved after in the region.,real
118,education funding company reported quarterly earnings above expectations,education funding company reported quarterly earnings above expectations.,real
278,Urgent: trade agreements contamination will make your city uninhabitable tomorro,Urgent: trade agreements contamination will make your city uninhabitable tomorrow!,fake
272,Urgent: local elections contamination will make your city uninhabitable tomorrow,Urgent: local elections contamination will make your city uninhabitable tomorrow!,fake
156,City council approved a plan to renovate the education funding downtown area,City council approved a plan to renovate the education funding downtown area.,real
177,Celebrities endorse public health — secret to eternal youth exposed,Celebrities endorse public health — secret to eternal youth exposed.,fake
179,Researchers confirmed that the vaccine shows efficacy against education funding,Researchers confirmed that the vaccine shows efficacy against education funding.,real
3,public health company reported quarterly earnings above expectations,public health company reported quarterly earnings above expectations.,real
116,An international summit on local elections concluded with agreements on trade,An international summit on local elections concluded with agreements on trade.,real
144,The minister visited sporting events and promised to invest in infrastructure,The minister visited sporting events and promised to invest in infrastructure.,real
178,renewable energy company reported quarterly earnings above expectations,renewable energy company reported quarterly earnings above expectations.,real
121,Scientists published a study showing that stock market has improved after accord,Scientists published a study showing that stock market has improved after according to officials.,real
211,Scientists published a study showing that hospital upgrades has improved after i,Scientists published a study showing that hospital upgrades has improved after in the last quarter.,real
261,An international summit on sporting events concluded with agreements on trade,An international summit on sporting events concluded with agreements on trade.,real
128,City council approved a plan to renovate the inflation rates downtown area,City council approved a plan to renovate the inflation rates downtown area.,real
75,Scientists published a study showing that food safety has improved after in the ,Scientists published a study showing that food safety has improved after in the last quarter.,real
30,pollution levels company reported quarterly earnings above expectations,pollution levels company reported quarterly earnings above expectations.,real
84,Researchers confirmed that the vaccine shows efficacy against climate change,Researchers confirmed that the vaccine shows efficacy against climate change.,real
270,You won't believe what vaccination drive did — numbers prove it's a conspiracy!,You won't believe what vaccination drive did — numbers prove it's a conspiracy!,fake
108,Urgent: renewable energy contamination will make your city uninhabitable tomorro,Urgent: renewable energy contamination will make your city uninhabitable tomorrow!,fake
224,A court ruled that stock market must comply with new environmental regulations,A court ruled that stock market must comply with new environmental regulations.,real
159,water conservation company reported quarterly earnings above expectations,water conservation company reported quarterly earnings above expectations.,real
281,Exclusive: Secret government program reveals transportation projects will be fre,Exclusive: Secret government program reveals transportation projects will be free next month!,fake
247,The minister visited vaccination drive and promised to invest in infrastructure,The minister visited vaccination drive and promised to invest in infrastructure.,real
223,Police arrested suspects in connection with a fraud case involving school reopen,Police arrested suspects in connection with a fraud case involving school reopening.,real
66,City council approved a plan to renovate the inflation rates downtown area,City council approved a plan to renovate the inflation rates downtown area.,real
199,Scientists published a study showing that inflation rates has improved after aft,Scientists published a study showing that inflation rates has improved after after reforms.,real
86,Celebrities endorse vaccination drive — secret to eternal youth exposed,Celebrities endorse vaccination drive — secret to eternal youth exposed.,fake
214,Exclusive: Secret government program reveals trade agreements will be free next ,Exclusive: Secret government program reveals trade agreements will be free next month!,fake
160,Exclusive: Secret government program reveals employment schemes will be free nex,Exclusive: Secret government program reveals employment schemes will be free next month!,fake
13,Police arrested suspects in connection with a fraud case involving renewable ene,Police arrested suspects in connection with a fraud case involving renewable energy.,real
36,local elections product banned? Retailers removing it from shelves due to hidden,local elections product banned? Retailers removing it from shelves due to hidden dangers.,fake
29,"Miracle ingredient pollution levels found to reverse aging, scientists hide it","Miracle ingredient pollution levels found to reverse aging, scientists hide it.",fake
143,Urgent: transportation projects contamination will make your city uninhabitable ,Urgent: transportation projects contamination will make your city uninhabitable tomorrow!,fake
285,Local businesses report a rise in sales following the tech startup growth festiv,Local businesses report a rise in sales following the tech startup growth festival.,real
255,This simple trick involving vaccination drive will make you rich in 7 days,This simple trick involving vaccination drive will make you rich in 7 days.,fake
171,Exclusive: Secret government program reveals tech startup growth will be free ne,Exclusive: Secret government program reveals tech startup growth will be free next month!,fake
52,SHOCKING: food safety causes instant weight loss! Doctors are stunned,SHOCKING: food safety causes instant weight loss! Doctors are stunned.,fake
96,Exclusive: Secret government program reveals climate change will be free next mo,Exclusive: Secret government program reveals climate change will be free next month!,fake
209,City council approved a plan to renovate the agriculture yields downtown area,City council approved a plan to renovate the agriculture yields downtown area.,real
248,Urgent: transportation projects contamination will make your city uninhabitable ,Urgent: transportation projects contamination will make your city uninhabitable tomorrow!,fake
42,The minister visited water conservation and promised to invest in infrastructure,The minister visited water conservation and promised to invest in infrastructure.,real
90,Police arrested suspects in connection with a fraud case involving inflation rat,Police arrested suspects in connection with a fraud case involving inflation rates.,real
245,vaccination drive company reported quarterly earnings above expectations,vaccination drive company reported quarterly earnings above expectations.,real
137,An international summit on transportation projects concluded with agreements on ,An international summit on transportation projects concluded with agreements on trade.,real
27,The minister visited road construction and promised to invest in infrastructure,The minister visited road construction and promised to invest in infrastructure.,real
294,Exclusive: Secret government program reveals food safety will be free next month,Exclusive: Secret government program reveals food safety will be free next month!,fake
142,transportation projects product banned? Retailers removing it from shelves due t,transportation projects product banned? Retailers removing it from shelves due to hidden dangers.,fake
201,City council approved a plan to renovate the sporting events downtown area,City council approved a plan to renovate the sporting events downtown area.,real
1,SHOCKING: sporting events causes instant weight loss! Doctors are stunned,SHOCKING: sporting events causes instant weight loss! Doctors are stunned.,fake
269,You won't believe what school reopening did — numbers prove it's a conspiracy!,You won't believe what school reopening did — numbers prove it's a conspiracy!,fake
273,City council approved a plan to renovate the education funding downtown area,City council approved a plan to renovate the education funding downtown area.,real
101,Exclusive: Secret government program reveals renewable energy will be free next ,Exclusive: Secret government program reveals renewable energy will be free next month!,fake
260,This simple trick involving employment schemes will make you rich in 7 days,This simple trick involving employment schemes will make you rich in 7 days.,fake
256,"Miracle ingredient school reopening found to reverse aging, scientists hide it","Miracle ingredient school reopening found to reverse aging, scientists hide it.",fake
172,Exclusive: Secret government program reveals water conservation will be free nex,Exclusive: Secret government program reveals water conservation will be free next month!,fake
99,Local businesses report a rise in sales following the public health festival,Local businesses report a rise in sales following the public health festival.,real
37,This simple trick involving vaccination drive will make you rich in 7 days,This simple trick involving vaccination drive will make you rich in 7 days.,fake
62,Exclusive: Secret government program reveals transportation projects will be fre,Exclusive: Secret government program reveals transportation projects will be free next month!,fake
151,Police arrested suspects in connection with a fraud case involving education fun,Police arrested suspects in connection with a fraud case involving education funding.,real
237,Local businesses report a rise in sales following the school reopening festival,Local businesses report a rise in sales following the school reopening festival.,real
203,Scientists published a study showing that inflation rates has improved after aft,Scientists published a study showing that inflation rates has improved after after reforms.,real
243,public health product banned? Retailers removing it from shelves due to hidden d,public health product banned? Retailers removing it from shelves due to hidden dangers.,fake
12,climate change company reported quarterly earnings above expectations,climate change company reported quarterly earnings above expectations.,real
297,"Miracle ingredient sporting events found to reverse aging, scientists hide it","Miracle ingredient sporting events found to reverse aging, scientists hide it.",fake
268,City council approved a plan to renovate the hospital upgrades downtown area,City council approved a plan to renovate the hospital upgrades downtown area.,real
28,The government announced a new policy today that will affect local elections,The government announced a new policy today that will affect local elections.,real
220,Viral video shows that inflation rates can cure all diseases overnight,Viral video shows that inflation rates can cure all diseases overnight.,fake
5,The minister visited trade agreements and promised to invest in infrastructure,The minister visited trade agreements and promised to invest in infrastructure.,real
123,road construction product banned? Retailers removing it from shelves due to hidd,road construction product banned? Retailers removing it from shelves due to hidden dangers.,fake
33,local elections leaks prove that world leaders are hiding the truth,local elections leaks prove that world leaders are hiding the truth.,fake
205,You won't believe what sporting events did — numbers prove it's a conspiracy!,You won't believe what sporting events did — numbers prove it's a conspiracy!,fake
163,sporting events company reported quarterly earnings above expectations,sporting events company reported quarterly earnings above expectations.,real
210,This simple trick involving school reopening will make you rich in 7 days,This simple trick involving school reopening will make you rich in 7 days.,fake
286,pollution levels company reported quarterly earnings above expectations,pollution levels company reported quarterly earnings above expectations.,real
139,City council approved a plan to renovate the vaccination drive downtown area,City council approved a plan to renovate the vaccination drive downtown area.,real
63,local elections product banned? Retailers removing it from shelves due to hidden,local elections product banned? Retailers removing it from shelves due to hidden dangers.,fake
136,Exclusive: Secret government program reveals employment schemes will be free nex,Exclusive: Secret government program reveals employment schemes will be free next month!,fake
129,Local businesses report a rise in sales following the climate change festival,Local businesses report a rise in sales following the climate change festival.,real
291,Researchers confirmed that the vaccine shows efficacy against water conservation,Researchers confirmed that the vaccine shows efficacy against water conservation.,real
9,local elections company reported quarterly earnings above expectations,local elections company reported quarterly earnings above expectations.,real
71,SHOCKING: agriculture yields causes instant weight loss! Doctors are stunned,SHOCKING: agriculture yields causes instant weight loss! Doctors are stunned.,fake
265,hospital upgrades product banned? Retailers removing it from shelves due to hidd,hospital upgrades product banned? Retailers removing it from shelves due to hidden dangers.,fake
65,Viral video shows that tech startup growth can cure all diseases overnight,Viral video shows that tech startup growth can cure all diseases overnight.,fake
45,You won't believe what sporting events did — numbers prove it's a conspiracy!,You won't believe what sporting events did — numbers prove it's a conspiracy!,fake
280,Exclusive: Secret government program reveals employment schemes will be free nex,Exclusive: Secret government program reveals employment schemes will be free next month!,fake
157,tech startup growth company reported quarterly earnings above expectations,tech startup growth company reported quarterly earnings above expectations.,real
41,Scientists published a study showing that renewable energy has improved after af,Scientists published a study showing that renewable energy has improved after after reforms.,real
124,tech startup growth company reported quarterly earnings above expectations,tech startup growth company reported quarterly earnings above expectations.,real
276,"Miracle ingredient climate change found to reverse aging, scientists hide it","Miracle ingredient climate change found to reverse aging, scientists hide it.",fake
217,City council approved a plan to renovate the stock market downtown area,City council approved a plan to renovate the stock market downtown area.,real
154,pollution levels product banned? Retailers removing it from shelves due to hidde,pollution levels product banned? Retailers removing it from shelves due to hidden dangers.,fake
24,City council approved a plan to renovate the hospital upgrades downtown area,City council approved a plan to renovate the hospital upgrades downtown area.,real
262,A court ruled that water conservation must comply with new environmental regulat,A court ruled that water conservation must comply with new environmental regulations.,real
111,Scientists published a study showing that sporting events has improved after aft,Scientists published a study showing that sporting events has improved after after reforms.,real
82,Celebrities endorse local elections — secret to eternal youth exposed,Celebrities endorse local elections — secret to eternal youth exposed.,fake
208,The government announced a new policy today that will affect water conservation,The government announced a new policy today that will affect water conservation.,real
213,This simple trick involving climate change will make you rich in 7 days,This simple trick involving climate change will make you rich in 7 days.,fake
40,Celebrities endorse agriculture yields — secret to eternal youth exposed,Celebrities endorse agriculture yields — secret to eternal youth exposed.,fake
241,Researchers confirmed that the vaccine shows efficacy against local elections,Researchers confirmed that the vaccine shows efficacy against local elections.,real
292,"Miracle ingredient sporting events found to reverse aging, scientists hide it","Miracle ingredient sporting events found to reverse aging, scientists hide it.",fake
259,road construction product banned? Retailers removing it from shelves due to hidd,road construction product banned? Retailers removing it from shelves due to hidden dangers.,fake
200,An international summit on tech startup growth concluded with agreements on trad,An international summit on tech startup growth concluded with agreements on trade.,real
15,Exclusive: Secret government program reveals food safety will be free next month,Exclusive: Secret government program reveals food safety will be free next month!,fake
48,Researchers confirmed that the vaccine shows efficacy against transportation pro,Researchers confirmed that the vaccine shows efficacy against transportation projects.,real
95,employment schemes product banned? Retailers removing it from shelves due to hid,employment schemes product banned? Retailers removing it from shelves due to hidden dangers.,fake
264,City council approved a plan to renovate the renewable energy downtown area,City council approved a plan to renovate the renewable energy downtown area.,real
228,Exclusive: Secret government program reveals public health will be free next mon,Exclusive: Secret government program reveals public health will be free next month!,fake
274,Local businesses report a rise in sales following the climate change festival,Local businesses report a rise in sales following the climate change festival.,real
202,pollution levels product banned? Retailers removing it from shelves due to hidde,pollution levels product banned? Retailers removing it from shelves due to hidden dangers.,fake
162,Researchers confirmed that the vaccine shows efficacy against inflation rates,Researchers confirmed that the vaccine shows efficacy against inflation rates.,real
44,You won't believe what school reopening did — numbers prove it's a conspiracy!,You won't believe what school reopening did — numbers prove it's a conspiracy!,fake
218,This simple trick involving water conservation will make you rich in 7 days,This simple trick involving water conservation will make you rich in 7 days.,fake
146,A court ruled that food safety must comply with new environmental regulations,A court ruled that food safety must comply with new environmental regulations.,real
191,The minister visited climate change and promised to invest in infrastructure,The minister visited climate change and promised to invest in infrastructure.,real
221,Scientists published a study showing that tech startup growth has improved after,Scientists published a study showing that tech startup growth has improved after in the region.,real
252,The government announced a new policy today that will affect trade agreements,The government announced a new policy today that will affect trade agreements.,real
4,The minister visited vaccination drive and promised to invest in infrastructure,The minister visited vaccination drive and promised to invest in infrastructure.,real
106,Scientists published a study showing that hospital upgrades has improved after t,Scientists published a study showing that hospital upgrades has improved after this year.,real
54,A court ruled that school reopening must comply with new environmental regulatio,A court ruled that school reopening must comply with new environmental regulations.,real
134,Police arrested suspects in connection with a fraud case involving inflation rat,Police arrested suspects in connection with a fraud case involving inflation rates.,real
2,Local businesses report a rise in sales following the local elections festival,Local businesses report a rise in sales following the local elections festival.,real
132,The minister visited road construction and promised to invest in infrastructure,The minister visited road construction and promised to invest in infrastructure.,real
104,You won't believe what employment schemes did — numbers prove it's a conspiracy!,You won't believe what employment schemes did — numbers prove it's a conspiracy!,fake
50,Police arrested suspects in connection with a fraud case involving trade agreeme,Police arrested suspects in connection with a fraud case involving trade agreements.,real
81,Scientists published a study showing that education funding has improved after i,Scientists published a study showing that education funding has improved after in the last quarter.,real
206,The government announced a new policy today that will affect trade agreements,The government announced a new policy today that will affect trade agreements.,real
35,This simple trick involving vaccination drive will make you rich in 7 days,This simple trick involving vaccination drive will make you rich in 7 days.,fake
92,The government announced a new policy today that will affect climate change,The government announced a new policy today that will affect climate change.,real
53,The government announced a new policy today that will affect agriculture yields,The government announced a new policy today that will affect agriculture yields.,real
242,City council approved a plan to renovate the stock market downtown area,City council approved a plan to renovate the stock market downtown area.,real
14,Scientists published a study showing that public health has improved after in th,Scientists published a study showing that public health has improved after in the region.,real
89,Scientists published a study showing that trade agreements has improved after in,Scientists published a study showing that trade agreements has improved after in the region.,real
167,Viral video shows that education funding can cure all diseases overnight,Viral video shows that education funding can cure all diseases overnight.,fake
295,Researchers confirmed that the vaccine shows efficacy against water conservation,Researchers confirmed that the vaccine shows efficacy against water conservation.,real
135,The minister visited road construction and promised to invest in infrastructure,The minister visited road construction and promised to invest in infrastructure.,real
288,A court ruled that transportation projects must comply with new environmental re,A court ruled that transportation projects must comply with new environmental regulations.,real
244,Researchers confirmed that the vaccine shows efficacy against sporting events,Researchers confirmed that the vaccine shows efficacy against sporting events.,real
55,Police arrested suspects in connection with a fraud case involving water conserv,Police arrested suspects in connection with a fraud case involving water conservation.,real
51,SHOCKING: climate change causes instant weight loss! Doctors are stunned,SHOCKING: climate change causes instant weight loss! Doctors are stunned.,fake
175,Viral video shows that local elections can cure all diseases overnight,Viral video shows that local elections can cure all diseases overnight.,fake
190,This simple trick involving trade agreements will make you rich in 7 days,This simple trick involving trade agreements will make you rich in 7 days.,fake
299,This simple trick involving food safety will make you rich in 7 days,This simple trick involving food safety will make you rich in 7 days.,fake
188,Researchers confirmed that the vaccine shows efficacy against tech startup growt,Researchers confirmed that the vaccine shows efficacy against tech startup growth.,real
170,A court ruled that renewable energy must comply with new environmental regulatio,A court ruled that renewable energy must comply with new environmental regulations.,real
59,Researchers confirmed that the vaccine shows efficacy against local elections,Researchers confirmed that the vaccine shows efficacy against local elections.,real
49,The minister visited food safety and promised to invest in infrastructure,The minister visited food safety and promised to invest in infrastructure.,real
236,This simple trick involving water conservation will make you rich in 7 days,This simple trick involving water conservation will make you rich in 7 days.,fake
253,Scientists published a study showing that transportation projects has improved a,Scientists published a study showing that transportation projects has improved after this year.,real
22,hospital upgrades leaks prove that world leaders are hiding the truth,hospital upgrades leaks prove that world leaders are hiding the truth.,fake
161,City council approved a plan to renovate the tech startup growth downtown area,City council approved a plan to renovate the tech startup growth downtown area.,real
277,hospital upgrades product banned? Retailers removing it from shelves due to hidd,hospital upgrades product banned? Retailers removing it from shelves due to hidden dangers.,fake
192,Urgent: trade agreements contamination will make your city uninhabitable tomorro,Urgent: trade agreements contamination will make your city uninhabitable tomorrow!,fake
258,"Miracle ingredient inflation rates found to reverse aging, scientists hide it","Miracle ingredient inflation rates found to reverse aging, scientists hide it.",fake
150,The government announced a new policy today that will affect inflation rates,The government announced a new policy today that will affect inflation rates.,real
131,Viral video shows that stock market can cure all diseases overnight,Viral video shows that stock market can cure all diseases overnight.,fake
152,The government announced a new policy today that will affect renewable energy,The government announced a new policy today that will affect renewable energy.,real
100,The government announced a new policy today that will affect renewable energy,The government announced a new policy today that will affect renewable energy.,real
88,You won't believe what sporting events did — numbers prove it's a conspiracy!,You won't believe what sporting events did — numbers prove it's a conspiracy!,fake
215,Celebrities endorse pollution levels — secret to eternal youth exposed,Celebrities endorse pollution levels — secret to eternal youth exposed.,fake
122,agriculture yields company reported quarterly earnings above expectations,agriculture yields company reported quarterly earnings above expectations.,real
300,food safety leaks prove that world leaders are hiding the truth,food safety leaks prove that world leaders are hiding the truth.,fake
21,Researchers confirmed that the vaccine shows efficacy against public health,Researchers confirmed that the vaccine shows efficacy against public health.,real
189,A court ruled that agriculture yields must comply with new environmental regulat,A court ruled that agriculture yields must comply with new environmental regulations.,real
72,Police arrested suspects in connection with a fraud case involving school reopen,Police arrested suspects in connection with a fraud case involving school reopening.,real
107,Viral video shows that inflation rates can cure all diseases overnight,Viral video shows that inflation rates can cure all diseases overnight.,fake
271,local elections leaks prove that world leaders are hiding the truth,local elections leaks prove that world leaders are hiding the truth.,fake
103,Viral video shows that tech startup growth can cure all diseases overnight,Viral video shows that tech startup growth can cure all diseases overnight.,fake
